id,palette_id,family_id
1,1,2
2,1,11
3,1,18
4,1,24
5,2,2
6,2,3
7,2,4
8,2,24
9,2,34
10,3,8
11,3,9
12,3,10
13,3,14
14,3,17
15,3,19
16,3,20
17,3,21
18,3,23
19,3,24
20,3,30
21,4,1
22,4,5
23,4,6
24,4,7
25,4,8
26,4,10
27,4,14
28,4,15
29,4,16
30,4,17
31,4,21
32,4,22
33,4,23
34,4,27
35,4,28
36,4,29
37,4,30
38,4,31
39,4,33
40,5,11
41,5,18
42,6,11
43,6,13
44,6,18
45,6,19
46,6,20
47,6,21
48,6,23
49,6,25
50,6,30
51,6,34
52,7,5
53,7,10
54,7,21
55,7,24
56,7,29
57,7,30
58,7,31
59,8,11
60,8,12
61,8,13
62,8,21
63,9,11
64,9,12
65,9,13
66,9,25
67,10,25
68,11,12
69,11,13
70,11,25
71,11,26
72,11,30
73,12,11
74,12,12
75,12,13
76,12,17
77,12,23
78,12,25
79,12,28
80,12,30
81,13,6
82,13,7
83,13,8
84,13,9
85,13,10
86,13,14
87,13,15
88,13,17
89,13,19
90,13,21
91,13,27
92,13,28
93,13,30
94,13,33
95,14,8
96,14,9
97,14,14
98,14,27
99,15,2
100,15,6
101,15,10
102,15,24
103,16,1
104,16,2
105,16,3
106,16,4
107,16,5
108,16,6
109,16,7
110,16,8
111,16,9
112,16,10
113,16,11
114,16,12
115,16,13
116,16,14
117,16,15
118,16,16
119,16,17
120,16,18
121,16,19
122,16,20
123,16,21
124,16,22
125,16,23
126,16,24
127,16,25
128,16,26
129,16,27
130,16,28
131,16,29
132,16,30
133,16,31
134,16,32
135,16,33
136,16,34
137,16,35
138,17,6
139,17,7
140,17,8
141,17,12
142,17,13
143,17,20
144,17,21
145,17,23
146,17,25
147,17,26
148,17,30
149,18,1
150,18,6
151,18,10
152,18,17
153,18,18
154,18,19
155,18,21
156,18,23
157,18,28
158,18,30
159,18,32
160,19,1
161,19,2
162,19,3
163,19,4
164,19,5
165,19,6
166,19,7
167,19,8
168,19,9
169,19,10
170,19,11
171,19,12
172,19,13
173,19,14
174,19,15
175,19,16
176,19,17
177,19,18
178,19,19
179,19,20
180,19,21
181,19,22
182,19,23
183,19,24
184,19,25
185,19,26
186,19,27
187,19,28
188,19,29
189,19,30
190,19,31
191,19,32
192,19,33
193,19,34
194,19,35
195,20,1
196,20,2
197,20,3
198,20,4
199,20,5
200,20,6
201,20,7
202,20,8
203,20,9
204,20,10
205,20,11
206,20,12
207,20,13
208,20,14
209,20,15
210,20,16
211,20,17
212,20,18
213,20,19
214,20,20
215,20,21
216,20,22
217,20,23
218,20,24
219,20,25
220,20,26
221,20,27
222,20,28
223,20,29
224,20,30
225,20,31
226,20,32
227,20,33
228,20,34
229,20,35
230,21,1
231,21,2
232,21,3
233,21,4
234,21,5
235,21,6
236,21,7
237,21,8
238,21,9
239,21,10
240,21,11
241,21,12
242,21,13
243,21,14
244,21,15
245,21,16
246,21,17
247,21,18
248,21,19
249,21,20
250,21,21
251,21,22
252,21,23
253,21,24
254,21,25
255,21,26
256,21,27
257,21,28
258,21,29
259,21,30
260,21,31
261,21,32
262,21,33
263,21,34
264,21,35
265,22,1
266,22,2
267,22,3
268,22,4
269,22,5
270,22,6
271,22,7
272,22,8
273,22,9
274,22,10
275,22,11
276,22,12
277,22,13
278,22,14
279,22,15
280,22,16
281,22,17
282,22,18
283,22,19
284,22,20
285,22,21
286,22,22
287,22,23
288,22,24
289,22,25
290,22,26
291,22,27
292,22,28
293,22,29
294,22,30
295,22,31
296,22,32
297,22,33
298,22,34
299,22,35
300,23,11
301,23,13
302,23,15
303,23,18
304,23,20
305,23,21
306,23,23
307,23,30
308,23,34
309,23,35
310,24,1
311,24,5
312,24,6
313,24,7
314,24,8
315,24,10
316,24,15
317,24,17
318,24,19
319,24,20
320,24,21
321,24,22
322,24,23
323,24,27
324,24,28
325,24,29
326,24,31
327,24,32
328,24,33
329,25,34
330,26,11
331,26,13
332,26,18
333,27,1
334,27,2
335,27,3
336,27,4
337,27,5
338,27,6
339,27,7
340,27,8
341,27,9
342,27,10
343,27,11
344,27,12
345,27,13
346,27,14
347,27,15
348,27,16
349,27,17
350,27,18
351,27,19
352,27,20
353,27,21
354,27,22
355,27,23
356,27,24
357,27,25
358,27,26
359,27,27
360,27,28
361,27,29
362,27,30
363,27,31
364,27,32
365,27,33
366,27,34
367,27,35
368,28,3
369,28,4
370,28,16
371,28,29
372,28,34
373,28,35
374,29,1
375,29,2
376,29,8
377,29,24
378,29,34
379,30,2
380,30,9
381,30,10
382,30,17
383,30,19
384,30,20
385,30,21
386,30,28
387,31,2
388,31,6
389,31,9
390,31,10
391,31,14
392,31,17
393,31,21
394,32,24
395,33,2
396,33,24
397,34,2
398,34,13
399,34,18
400,34,24
401,34,31
402,35,11
403,35,18
404,36,5
405,36,27
406,36,31
407,37,1
408,37,2
409,37,3
410,37,4
411,37,5
412,37,6
413,37,7
414,37,8
415,37,9
416,37,10
417,37,11
418,37,12
419,37,13
420,37,14
421,37,15
422,37,16
423,37,17
424,37,18
425,37,19
426,37,20
427,37,21
428,37,22
429,37,23
430,37,24
431,37,25
432,37,26
433,37,27
434,37,28
435,37,29
436,37,30
437,37,31
438,37,32
439,37,33
440,37,34
441,37,35
442,38,2
443,38,5
444,38,6
445,38,7
446,38,8
447,38,9
448,38,10
449,38,14
450,38,16
451,38,17
452,38,19
453,38,21
454,38,22
455,38,23
456,38,24
457,38,27
458,38,28
459,38,30
460,38,31
461,38,32
462,38,33
463,38,35
464,39,2
465,39,9
466,39,24
467,39,29
468,40,2
469,40,7
470,40,8
471,40,9
472,40,10
473,40,14
474,40,16
475,40,17
476,40,18
477,40,19
478,40,20
479,40,21
480,40,22
481,40,23
482,40,27
483,40,28
484,40,29
485,40,31
486,40,33
487,40,34
488,41,3
489,41,4
490,41,5
491,41,6
492,41,7
493,41,8
494,41,9
495,41,10
496,41,11
497,41,12
498,41,13
499,41,14
500,41,15
501,41,16
502,41,17
503,41,18
504,41,19
505,41,20
506,41,21
507,41,22
508,41,23
509,41,25
510,41,26
511,41,27
512,41,28
513,41,29
514,41,30
515,41,32
516,41,34
517,41,35
518,42,1
519,42,5
520,42,6
521,42,7
522,42,8
523,42,10
524,42,11
525,42,12
526,42,13
527,42,15
528,42,16
529,42,17
530,42,18
531,42,19
532,42,20
533,42,21
534,42,22
535,42,23
536,42,25
537,42,26
538,42,27
539,42,28
540,42,29
541,42,30
542,42,31
543,42,32
544,42,33
545,42,35
546,43,3
547,43,4
548,43,13
549,43,15
550,43,16
551,43,18
552,43,20
553,43,34
554,44,11
555,44,13
556,44,18
557,45,11
558,45,18
559,45,29
560,46,12
561,46,13
562,46,25
563,46,26
564,46,30
565,47,5
566,47,11
567,47,22
568,47,26
569,47,27
570,48,11
571,48,18
572,49,2
573,49,24
574,50,3
575,50,15
576,50,16
577,50,34
578,50,35
579,51,1
580,51,2
581,51,3
582,51,4
583,51,5
584,51,6
585,51,7
586,51,8
587,51,9
588,51,10
589,51,14
590,51,15
591,51,16
592,51,17
593,51,19
594,51,20
595,51,21
596,51,22
597,51,23
598,51,24
599,51,27
600,51,28
601,51,29
602,51,30
603,51,32
604,51,33
605,51,34
606,51,35
607,52,1
608,52,3
609,52,4
610,52,5
611,52,6
612,52,7
613,52,8
614,52,9
615,52,10
616,52,14
617,52,15
618,52,16
619,52,17
620,52,19
621,52,20
622,52,21
623,52,22
624,52,23
625,52,26
626,52,27
627,52,28
628,52,29
629,52,31
630,52,32
631,52,33
632,52,34
633,52,35
634,53,12
635,53,18
636,53,25
637,53,26
638,54,6
639,54,8
640,54,9
641,54,10
642,54,14
643,54,16
644,54,17
645,54,19
646,54,20
647,54,21
648,54,22
649,54,24
650,54,27
651,54,28
652,54,30
653,54,33
654,54,35
655,55,9
656,55,14
657,55,15
658,55,21
659,55,31
660,56,12
661,56,15
662,56,16
663,56,21
664,56,25
665,56,26
666,57,12
667,57,13
668,57,18
669,57,25
670,58,1
671,58,2
672,58,3
673,58,4
674,58,5
675,58,6
676,58,7
677,58,8
678,58,9
679,58,10
680,58,11
681,58,13
682,58,14
683,58,15
684,58,16
685,58,17
686,58,18
687,58,19
688,58,20
689,58,21
690,58,22
691,58,23
692,58,24
693,58,27
694,58,28
695,58,29
696,58,30
697,58,31
698,58,32
699,58,33
700,58,34
701,58,35
702,59,7
703,59,8
704,59,10
705,59,12
706,59,19
707,59,21
708,59,24
709,59,25
710,59,28
711,59,30
712,60,1
713,60,2
714,60,3
715,60,4
716,60,5
717,60,6
718,60,7
719,60,8
720,60,9
721,60,10
722,60,11
723,60,12
724,60,13
725,60,14
726,60,15
727,60,16
728,60,17
729,60,18
730,60,19
731,60,20
732,60,21
733,60,22
734,60,23
735,60,24
736,60,25
737,60,26
738,60,27
739,60,28
740,60,29
741,60,30
742,60,31
743,60,32
744,60,33
745,60,34
746,60,35
747,61,1
748,61,2
749,61,3
750,61,4
751,61,5
752,61,6
753,61,7
754,61,8
755,61,9
756,61,10
757,61,11
758,61,12
759,61,13
760,61,14
761,61,15
762,61,16
763,61,17
764,61,18
765,61,19
766,61,20
767,61,21
768,61,22
769,61,23
770,61,24
771,61,25
772,61,26
773,61,27
774,61,28
775,61,29
776,61,30
777,61,31
778,61,32
779,61,33
780,61,34
781,61,35
782,62,11
783,62,18
784,63,11
785,63,12
786,63,13
787,63,18
788,63,25
789,64,12
790,64,25
791,65,1
792,65,2
793,65,3
794,65,4
795,65,5
796,65,6
797,65,7
798,65,8
799,65,9
800,65,10
801,65,11
802,65,12
803,65,13
804,65,14
805,65,15
806,65,16
807,65,17
808,65,18
809,65,19
810,65,20
811,65,21
812,65,22
813,65,23
814,65,24
815,65,25
816,65,26
817,65,27
818,65,28
819,65,29
820,65,30
821,65,31
822,65,32
823,65,33
824,65,34
825,65,35
826,66,6
827,66,7
828,66,8
829,66,9
830,66,10
831,66,14
832,66,16
833,66,17
834,66,19
835,66,20
836,66,21
837,66,27
838,66,28
839,67,4
840,67,7
841,67,19
842,67,28
843,67,34
844,67,35
845,68,5
846,68,9
847,68,14
848,68,16
849,68,18
850,68,19
851,68,20
852,68,21
853,68,27
854,68,28
855,68,31
856,68,33
857,69,1
858,69,2
859,69,19
860,69,24
861,69,27
862,69,29
863,69,30
864,69,31
865,69,32
866,69,33
867,70,11
868,70,18
869,71,11
870,71,18
871,72,1
872,72,2
873,72,3
874,72,4
875,72,5
876,72,6
877,72,7
878,72,8
879,72,9
880,72,10
881,72,11
882,72,12
883,72,13
884,72,14
885,72,15
886,72,16
887,72,17
888,72,18
889,72,19
890,72,20
891,72,21
892,72,22
893,72,23
894,72,24
895,72,25
896,72,26
897,72,27
898,72,28
899,72,29
900,72,30
901,72,31
902,72,32
903,72,33
904,72,34
905,72,35
906,73,1
907,73,2
908,73,3
909,73,4
910,73,5
911,73,6
912,73,7
913,73,8
914,73,9
915,73,10
916,73,11
917,73,12
918,73,13
919,73,14
920,73,15
921,73,16
922,73,17
923,73,18
924,73,19
925,73,20
926,73,21
927,73,22
928,73,23
929,73,24
930,73,25
931,73,26
932,73,27
933,73,28
934,73,29
935,73,30
936,73,31
937,73,32
938,73,33
939,73,34
940,73,35
941,74,11
942,74,13
943,74,18
944,74,21
945,74,22
946,74,30
947,75,1
948,75,2
949,75,3
950,75,4
951,75,5
952,75,6
953,75,7
954,75,8
955,75,9
956,75,10
957,75,11
958,75,12
959,75,13
960,75,14
961,75,15
962,75,16
963,75,17
964,75,18
965,75,19
966,75,20
967,75,21
968,75,22
969,75,23
970,75,24
971,75,25
972,75,26
973,75,27
974,75,28
975,75,29
976,75,30
977,75,31
978,75,32
979,75,33
980,75,34
981,75,35
982,76,1
983,76,6
984,76,7
985,76,8
986,76,10
987,76,16
988,76,17
989,76,19
990,76,20
991,76,21
992,76,22
993,76,23
994,76,24
995,76,27
996,76,28
997,76,29
998,76,31
999,76,32
1000,76,33
1001,76,35
1002,77,1
1003,77,2
1004,77,3
1005,77,4
1006,77,5
1007,77,6
1008,77,7
1009,77,8
1010,77,9
1011,77,10
1012,77,11
1013,77,12
1014,77,13
1015,77,14
1016,77,15
1017,77,16
1018,77,17
1019,77,18
1020,77,19
1021,77,20
1022,77,21
1023,77,22
1024,77,23
1025,77,24
1026,77,25
1027,77,26
1028,77,27
1029,77,28
1030,77,29
1031,77,30
1032,77,31
1033,77,32
1034,77,33
1035,77,34
1036,77,35
1037,78,2
1038,78,5
1039,78,8
1040,78,9
1041,78,10
1042,78,13
1043,78,14
1044,78,17
1045,78,21
1046,78,28
1047,78,31
1048,78,35
1049,79,1
1050,79,2
1051,79,3
1052,79,4
1053,79,5
1054,79,6
1055,79,7
1056,79,8
1057,79,9
1058,79,10
1059,79,11
1060,79,12
1061,79,13
1062,79,14
1063,79,15
1064,79,16
1065,79,17
1066,79,18
1067,79,19
1068,79,20
1069,79,21
1070,79,22
1071,79,23
1072,79,24
1073,79,25
1074,79,26
1075,79,27
1076,79,28
1077,79,29
1078,79,30
1079,79,31
1080,79,32
1081,79,33
1082,79,34
1083,79,35
1084,80,11
1085,80,12
1086,80,13
1087,80,18
1088,80,25
1089,81,1
1090,81,7
1091,81,8
1092,81,13
1093,81,20
1094,81,21
1095,81,22
1096,82,12
1097,82,18
1098,82,25
1099,83,11
1100,83,12
1101,83,21
1102,83,25
1103,84,11
1104,84,18
1105,85,11
1106,85,18
1107,86,12
1108,86,13
1109,86,25
1110,87,3
1111,87,4
1112,87,18
1113,87,24
1114,87,34
1115,87,35
1116,88,1
1117,88,3
1118,88,4
1119,88,5
1120,88,6
1121,88,7
1122,88,8
1123,88,9
1124,88,10
1125,88,14
1126,88,15
1127,88,16
1128,88,17
1129,88,19
1130,88,20
1131,88,21
1132,88,22
1133,88,23
1134,88,24
1135,88,27
1136,88,28
1137,88,29
1138,88,30
1139,88,31
1140,88,33
1141,88,34
1142,88,35
1143,89,1
1144,89,3
1145,89,5
1146,89,6
1147,89,7
1148,89,8
1149,89,10
1150,89,14
1151,89,15
1152,89,16
1153,89,17
1154,89,19
1155,89,20
1156,89,21
1157,89,22
1158,89,23
1159,89,26
1160,89,27
1161,89,28
1162,89,29
1163,89,30
1164,89,31
1165,89,32
1166,89,33
1167,89,35
1168,90,11
1169,90,18
1170,91,25
1171,92,2
1172,92,5
1173,92,6
1174,92,7
1175,92,8
1176,92,9
1177,92,10
1178,92,14
1179,92,15
1180,92,16
1181,92,17
1182,92,19
1183,92,20
1184,92,21
1185,92,22
1186,92,23
1187,92,27
1188,92,28
1189,92,29
1190,92,30
1191,92,31
1192,92,32
1193,92,33
1194,92,35
1195,93,11
1196,93,12
1197,93,13
1198,93,18
1199,93,25
1200,93,26
1201,94,11
1202,94,18
1203,95,3
1204,95,4
1205,95,11
1206,95,13
1207,95,18
1208,95,26
1209,95,34
1210,96,1
1211,96,2
1212,96,3
1213,96,4
1214,96,5
1215,96,6
1216,96,7
1217,96,8
1218,96,9
1219,96,10
1220,96,11
1221,96,12
1222,96,13
1223,96,14
1224,96,15
1225,96,16
1226,96,17
1227,96,18
1228,96,19
1229,96,20
1230,96,21
1231,96,22
1232,96,23
1233,96,24
1234,96,25
1235,96,26
1236,96,27
1237,96,28
1238,96,29
1239,96,30
1240,96,31
1241,96,32
1242,96,33
1243,96,34
1244,96,35
1245,97,1
1246,97,2
1247,97,3
1248,97,4
1249,97,10
1250,97,16
1251,97,18
1252,97,34
1253,98,12
1254,98,13
1255,98,25
1256,98,26
1257,98,28
1258,99,6
1259,99,12
1260,99,13
1261,99,20
1262,99,25
1263,99,26
1264,99,30
1265,100,7
1266,100,8
1267,100,9
1268,100,14
1269,100,15
1270,100,16
1271,100,17
1272,100,19
1273,100,20
1274,100,21
1275,100,22
1276,100,23
1277,100,24
1278,100,26
1279,100,27
1280,100,28
1281,100,32
1282,100,33
1283,100,35
1284,101,7
1285,101,8
1286,101,9
1287,101,10
1288,101,14
1289,101,17
1290,101,19
1291,101,23
1292,101,24
1293,101,28
1294,101,29
1295,101,35
1296,102,1
1297,102,5
1298,102,6
1299,102,7
1300,102,8
1301,102,9
1302,102,10
1303,102,14
1304,102,15
1305,102,16
1306,102,17
1307,102,19
1308,102,20
1309,102,21
1310,102,22
1311,102,23
1312,102,27
1313,102,28
1314,102,30
1315,102,31
1316,102,32
1317,102,33
1318,102,35
1319,103,1
1320,103,2
1321,103,3
1322,103,5
1323,103,6
1324,103,7
1325,103,8
1326,103,9
1327,103,10
1328,103,11
1329,103,13
1330,103,14
1331,103,15
1332,103,16
1333,103,17
1334,103,19
1335,103,20
1336,103,21
1337,103,22
1338,103,23
1339,103,24
1340,103,27
1341,103,28
1342,103,30
1343,103,31
1344,103,32
1345,103,33
1346,103,35
1347,104,11
1348,104,13
1349,104,18
1350,104,20
1351,104,22
1352,104,31
1353,105,1
1354,105,3
1355,105,4
1356,105,7
1357,105,8
1358,105,10
1359,105,11
1360,105,12
1361,105,13
1362,105,15
1363,105,16
1364,105,19
1365,105,20
1366,105,22
1367,105,26
1368,105,28
1369,105,29
1370,105,32
1371,105,34
1372,105,35
1373,106,15
1374,106,16
1375,106,20
1376,106,21
1377,106,24
1378,106,27
1379,106,34
1380,106,35
1381,107,1
1382,107,2
1383,107,24
1384,108,11
1385,108,18
1386,109,1
1387,109,2
1388,109,3
1389,109,4
1390,109,5
1391,109,6
1392,109,7
1393,109,8
1394,109,9
1395,109,10
1396,109,11
1397,109,12
1398,109,13
1399,109,14
1400,109,15
1401,109,16
1402,109,17
1403,109,18
1404,109,19
1405,109,20
1406,109,21
1407,109,22
1408,109,23
1409,109,24
1410,109,25
1411,109,26
1412,109,27
1413,109,28
1414,109,29
1415,109,30
1416,109,31
1417,109,32
1418,109,33
1419,109,34
1420,109,35
1421,110,1
1422,110,3
1423,110,4
1424,110,6
1425,110,7
1426,110,8
1427,110,9
1428,110,11
1429,110,12
1430,110,14
1431,110,17
1432,110,18
1433,110,19
1434,110,20
1435,110,21
1436,110,23
1437,110,28
1438,110,30
1439,110,31
1440,110,32
1441,110,34
1442,110,35
1443,111,1
1444,111,2
1445,111,3
1446,111,4
1447,111,5
1448,111,6
1449,111,7
1450,111,8
1451,111,9
1452,111,10
1453,111,11
1454,111,12
1455,111,13
1456,111,14
1457,111,15
1458,111,16
1459,111,17
1460,111,18
1461,111,19
1462,111,20
1463,111,21
1464,111,22
1465,111,23
1466,111,24
1467,111,25
1468,111,26
1469,111,27
1470,111,28
1471,111,29
1472,111,30
1473,111,31
1474,111,32
1475,111,33
1476,111,34
1477,111,35
1478,112,1
1479,112,2
1480,112,3
1481,112,4
1482,112,5
1483,112,6
1484,112,7
1485,112,8
1486,112,9
1487,112,10
1488,112,11
1489,112,12
1490,112,13
1491,112,14
1492,112,15
1493,112,16
1494,112,17
1495,112,18
1496,112,19
1497,112,20
1498,112,21
1499,112,22
1500,112,23
1501,112,24
1502,112,25
1503,112,26
1504,112,27
1505,112,28
1506,112,29
1507,112,30
1508,112,31
1509,112,32
1510,112,33
1511,112,34
1512,112,35
1513,113,2
1514,113,8
1515,113,9
1516,113,17
1517,113,30
1518,114,1
1519,114,2
1520,114,3
1521,114,4
1522,114,5
1523,114,6
1524,114,7
1525,114,8
1526,114,9
1527,114,10
1528,114,11
1529,114,12
1530,114,13
1531,114,14
1532,114,15
1533,114,16
1534,114,17
1535,114,18
1536,114,19
1537,114,20
1538,114,21
1539,114,22
1540,114,23
1541,114,24
1542,114,25
1543,114,26
1544,114,27
1545,114,28
1546,114,29
1547,114,30
1548,114,31
1549,114,32
1550,114,33
1551,114,34
1552,114,35
1553,115,18
1554,115,25
1555,115,28
1556,116,12
1557,116,13
1558,116,18
1559,116,25
1560,117,8
1561,117,9
1562,117,10
1563,117,13
1564,117,14
1565,117,28
1566,117,31
1567,118,1
1568,118,2
1569,118,3
1570,118,4
1571,118,5
1572,118,6
1573,118,7
1574,118,8
1575,118,9
1576,118,10
1577,118,11
1578,118,12
1579,118,13
1580,118,14
1581,118,15
1582,118,16
1583,118,17
1584,118,18
1585,118,19
1586,118,20
1587,118,21
1588,118,22
1589,118,23
1590,118,24
1591,118,25
1592,118,26
1593,118,27
1594,118,28
1595,118,29
1596,118,30
1597,118,31
1598,118,32
1599,118,33
1600,118,34
1601,118,35
1602,119,1
1603,119,2
1604,119,3
1605,119,4
1606,119,5
1607,119,6
1608,119,7
1609,119,8
1610,119,9
1611,119,10
1612,119,11
1613,119,12
1614,119,13
1615,119,14
1616,119,15
1617,119,16
1618,119,17
1619,119,18
1620,119,19
1621,119,20
1622,119,21
1623,119,22
1624,119,23
1625,119,24
1626,119,25
1627,119,26
1628,119,27
1629,119,28
1630,119,29
1631,119,30
1632,119,31
1633,119,32
1634,119,33
1635,119,34
1636,119,35
1637,120,1
1638,120,2
1639,120,3
1640,120,4
1641,120,5
1642,120,6
1643,120,7
1644,120,8
1645,120,9
1646,120,10
1647,120,11
1648,120,12
1649,120,13
1650,120,14
1651,120,15
1652,120,16
1653,120,17
1654,120,18
1655,120,19
1656,120,20
1657,120,21
1658,120,22
1659,120,23
1660,120,24
1661,120,25
1662,120,26
1663,120,27
1664,120,28
1665,120,29
1666,120,30
1667,120,31
1668,120,32
1669,120,33
1670,120,34
1671,120,35
1672,121,11
1673,121,12
1674,121,13
1675,121,18
1676,121,25
1677,122,1
1678,122,5
1679,122,7
1680,122,13
1681,122,16
1682,122,18
1683,122,20
1684,122,21
1685,122,22
1686,122,23
1687,122,25
1688,122,26
1689,122,27
1690,122,30
1691,122,31
1692,122,32
1693,122,33
1694,123,1
1695,123,2
1696,123,3
1697,123,4
1698,123,5
1699,123,6
1700,123,7
1701,123,8
1702,123,9
1703,123,10
1704,123,11
1705,123,12
1706,123,13
1707,123,14
1708,123,15
1709,123,16
1710,123,17
1711,123,18
1712,123,19
1713,123,20
1714,123,21
1715,123,22
1716,123,23
1717,123,24
1718,123,25
1719,123,26
1720,123,27
1721,123,28
1722,123,29
1723,123,30
1724,123,31
1725,123,32
1726,123,33
1727,123,34
1728,123,35
1729,124,13
1730,124,25
1731,124,26
1732,125,6
1733,125,11
1734,125,12
1735,125,13
1736,125,20
1737,125,25
1738,125,26
1739,125,30
1740,126,11
1741,126,12
1742,126,13
1743,126,18
1744,126,25
1745,127,12
1746,127,18
1747,127,25
1748,127,28
1749,128,8
1750,128,11
1751,128,12
1752,128,13
1753,128,18
1754,129,1
1755,129,8
1756,129,9
1757,129,10
1758,129,12
1759,129,20
1760,129,23
1761,129,24
1762,129,26
1763,129,27
1764,129,28
1765,129,30
1766,130,5
1767,130,22
1768,130,27
1769,130,33
1770,131,1
1771,131,2
1772,131,3
1773,131,4
1774,131,5
1775,131,6
1776,131,7
1777,131,8
1778,131,9
1779,131,10
1780,131,11
1781,131,12
1782,131,13
1783,131,14
1784,131,15
1785,131,16
1786,131,17
1787,131,18
1788,131,19
1789,131,20
1790,131,21
1791,131,22
1792,131,23
1793,131,24
1794,131,25
1795,131,26
1796,131,27
1797,131,28
1798,131,29
1799,131,30
1800,131,31
1801,131,32
1802,131,33
1803,131,34
1804,131,35
1805,132,3
1806,132,4
1807,132,11
1808,132,13
1809,132,15
1810,132,16
1811,132,18
1812,132,20
1813,132,24
1814,132,34
1815,133,1
1816,133,2
1817,133,3
1818,133,4
1819,133,5
1820,133,6
1821,133,7
1822,133,8
1823,133,9
1824,133,10
1825,133,11
1826,133,12
1827,133,13
1828,133,14
1829,133,15
1830,133,16
1831,133,17
1832,133,18
1833,133,19
1834,133,20
1835,133,21
1836,133,22
1837,133,23
1838,133,24
1839,133,25
1840,133,26
1841,133,27
1842,133,28
1843,133,29
1844,133,30
1845,133,31
1846,133,32
1847,133,33
1848,133,34
1849,133,35
1850,134,6
1851,134,9
1852,134,10
1853,134,14
1854,134,15
1855,134,17
1856,134,19
1857,134,20
1858,134,21
1859,134,33
1860,134,35
1861,135,6
1862,135,7
1863,135,9
1864,135,14
1865,135,15
1866,135,19
1867,135,20
1868,135,24
1869,135,27
1870,135,33
1871,135,35
1872,136,1
1873,136,2
1874,136,3
1875,136,4
1876,136,5
1877,136,6
1878,136,7
1879,136,8
1880,136,9
1881,136,10
1882,136,11
1883,136,12
1884,136,13
1885,136,14
1886,136,15
1887,136,16
1888,136,17
1889,136,18
1890,136,19
1891,136,20
1892,136,21
1893,136,22
1894,136,23
1895,136,24
1896,136,25
1897,136,26
1898,136,27
1899,136,28
1900,136,29
1901,136,30
1902,136,31
1903,136,32
1904,136,33
1905,136,34
1906,136,35
1907,137,1
1908,137,2
1909,137,5
1910,137,7
1911,137,8
1912,137,9
1913,137,14
1914,137,19
1915,137,21
1916,137,24
1917,137,29
1918,137,31
1919,137,32
1920,137,33
1921,138,2
1922,138,7
1923,138,24
1924,139,1
1925,139,2
1926,139,5
1927,139,6
1928,139,7
1929,139,8
1930,139,9
1931,139,10
1932,139,14
1933,139,15
1934,139,16
1935,139,17
1936,139,19
1937,139,20
1938,139,21
1939,139,22
1940,139,23
1941,139,24
1942,139,27
1943,139,28
1944,139,29
1945,139,30
1946,139,32
1947,139,33
1948,139,35
1949,140,1
1950,140,2
1951,140,3
1952,140,4
1953,140,9
1954,140,15
1955,140,16
1956,140,19
1957,140,24
1958,140,26
1959,140,27
1960,140,34
1961,140,35
1962,141,7
1963,141,8
1964,141,10
1965,141,17
1966,141,20
1967,141,21
1968,141,24
1969,141,27
1970,142,2
1971,142,5
1972,142,8
1973,142,9
1974,142,10
1975,142,14
1976,142,15
1977,142,16
1978,142,17
1979,142,19
1980,142,20
1981,142,21
1982,142,22
1983,142,23
1984,142,27
1985,142,31
1986,142,33
1987,142,35
1988,143,2
1989,143,8
1990,143,9
1991,143,17
1992,143,21
1993,144,3
1994,144,4
1995,144,9
1996,144,14
1997,144,34
1998,145,1
1999,145,2
2000,145,3
2001,145,4
2002,145,5
2003,145,6
2004,145,7
2005,145,8
2006,145,9
2007,145,10
2008,145,11
2009,145,12
2010,145,13
2011,145,14
2012,145,15
2013,145,16
2014,145,17
2015,145,18
2016,145,19
2017,145,20
2018,145,21
2019,145,22
2020,145,23
2021,145,24
2022,145,25
2023,145,26
2024,145,27
2025,145,28
2026,145,29
2027,145,30
2028,145,31
2029,145,32
2030,145,33
2031,145,34
2032,145,35
2033,146,12
2034,146,13
2035,146,25
2036,146,28
2037,147,12
2038,147,13
2039,147,18
2040,147,25
2041,148,11
2042,148,13
2043,148,18
2044,149,1
2045,149,5
2046,149,6
2047,149,7
2048,149,8
2049,149,9
2050,149,10
2051,149,13
2052,149,14
2053,149,15
2054,149,16
2055,149,17
2056,149,19
2057,149,20
2058,149,21
2059,149,22
2060,149,23
2061,149,27
2062,149,28
2063,149,31
2064,149,32
2065,149,33
2066,149,35
2067,150,1
2068,150,2
2069,150,3
2070,150,4
2071,150,5
2072,150,6
2073,150,7
2074,150,8
2075,150,9
2076,150,10
2077,150,11
2078,150,12
2079,150,13
2080,150,14
2081,150,15
2082,150,16
2083,150,17
2084,150,18
2085,150,19
2086,150,20
2087,150,21
2088,150,22
2089,150,23
2090,150,24
2091,150,25
2092,150,26
2093,150,27
2094,150,28
2095,150,29
2096,150,30
2097,150,31
2098,150,32
2099,150,33
2100,150,34
2101,150,35
2102,151,2
2103,151,9
2104,151,11
2105,151,14
2106,151,17
2107,151,30
2108,151,31
2109,152,11
2110,152,12
2111,152,13
2112,152,18
2113,152,25
2114,153,11
2115,153,13
2116,153,18
2117,154,1
2118,154,2
2119,154,24
2120,155,11
2121,155,18
2122,156,1
2123,156,11
2124,156,12
2125,156,19
2126,156,25
2127,156,30
2128,157,11
2129,157,18
2130,158,1
2131,158,2
2132,158,3
2133,158,4
2134,158,5
2135,158,6
2136,158,7
2137,158,8
2138,158,9
2139,158,10
2140,158,11
2141,158,12
2142,158,13
2143,158,14
2144,158,15
2145,158,16
2146,158,17
2147,158,18
2148,158,19
2149,158,20
2150,158,21
2151,158,22
2152,158,23
2153,158,24
2154,158,25
2155,158,26
2156,158,27
2157,158,28
2158,158,29
2159,158,30
2160,158,31
2161,158,32
2162,158,33
2163,158,34
2164,158,35
2165,159,5
2166,159,11
2167,159,13
2168,159,18
2169,159,22
2170,159,31
2171,160,1
2172,160,2
2173,160,3
2174,160,4
2175,160,5
2176,160,6
2177,160,7
2178,160,8
2179,160,9
2180,160,10
2181,160,11
2182,160,12
2183,160,13
2184,160,14
2185,160,15
2186,160,16
2187,160,17
2188,160,18
2189,160,19
2190,160,20
2191,160,21
2192,160,22
2193,160,23
2194,160,24
2195,160,25
2196,160,26
2197,160,27
2198,160,28
2199,160,29
2200,160,30
2201,160,31
2202,160,32
2203,160,33
2204,160,34
2205,160,35
2206,161,2
2207,161,11
2208,161,24
2209,161,26
2210,161,29
2211,161,32
2212,162,3
2213,162,4
2214,162,15
2215,162,24
2216,162,34
2217,162,35
2218,163,1
2219,163,2
2220,163,5
2221,163,6
2222,163,7
2223,163,8
2224,163,9
2225,163,10
2226,163,12
2227,163,14
2228,163,16
2229,163,17
2230,163,19
2231,163,20
2232,163,21
2233,163,23
2234,163,24
2235,163,27
2236,163,28
2237,163,30
2238,163,31
2239,163,32
2240,164,3
2241,164,4
2242,164,6
2243,164,7
2244,164,8
2245,164,9
2246,164,11
2247,164,14
2248,164,16
2249,164,17
2250,164,19
2251,164,21
2252,164,22
2253,164,23
2254,164,27
2255,164,28
2256,164,29
2257,164,30
2258,164,31
2259,164,33
2260,164,34
2261,164,35
2262,165,19
2263,165,20
2264,165,21
2265,165,31
2266,165,35
2267,166,1
2268,166,2
2269,166,3
2270,166,4
2271,166,5
2272,166,6
2273,166,7
2274,166,8
2275,166,9
2276,166,10
2277,166,11
2278,166,12
2279,166,13
2280,166,14
2281,166,15
2282,166,16
2283,166,17
2284,166,18
2285,166,19
2286,166,20
2287,166,21
2288,166,22
2289,166,23
2290,166,24
2291,166,25
2292,166,26
2293,166,27
2294,166,28
2295,166,29
2296,166,30
2297,166,31
2298,166,32
2299,166,33
2300,166,34
2301,166,35
2302,167,11
2303,167,13
2304,167,18
2305,167,30
2306,168,2
2307,168,5
2308,168,6
2309,168,7
2310,168,8
2311,168,9
2312,168,10
2313,168,17
2314,168,19
2315,168,21
2316,168,24
2317,168,28
2318,168,33
2319,169,5
2320,169,6
2321,169,7
2322,169,8
2323,169,9
2324,169,10
2325,169,11
2326,169,13
2327,169,14
2328,169,15
2329,169,16
2330,169,17
2331,169,19
2332,169,20
2333,169,21
2334,169,22
2335,169,23
2336,169,27
2337,169,28
2338,169,29
2339,169,31
2340,169,33
2341,169,35
2342,170,6
2343,170,8
2344,170,9
2345,170,10
2346,170,17
2347,170,21
2348,170,30
2349,171,11
2350,171,13
2351,171,18
2352,172,12
2353,172,13
2354,172,25
2355,172,26
2356,173,1
2357,173,2
2358,173,6
2359,173,7
2360,173,8
2361,173,10
2362,173,11
2363,173,12
2364,173,17
2365,173,18
2366,173,25
2367,173,26
2368,173,28
2369,173,30
2370,173,34
2371,174,2
2372,174,8
2373,174,12
2374,174,13
2375,174,18
2376,174,25
2377,174,28
2378,175,8
2379,175,9
2380,175,12
2381,175,17
2382,175,23
2383,176,1
2384,176,5
2385,176,6
2386,176,7
2387,176,8
2388,176,9
2389,176,10
2390,176,13
2391,176,14
2392,176,15
2393,176,16
2394,176,17
2395,176,18
2396,176,19
2397,176,20
2398,176,21
2399,176,22
2400,176,23
2401,176,27
2402,176,28
2403,176,31
2404,176,32
2405,176,33
2406,176,35
2407,177,1
2408,177,2
2409,177,3
2410,177,4
2411,177,5
2412,177,6
2413,177,7
2414,177,8
2415,177,9
2416,177,10
2417,177,11
2418,177,12
2419,177,13
2420,177,14
2421,177,15
2422,177,16
2423,177,17
2424,177,18
2425,177,19
2426,177,20
2427,177,21
2428,177,22
2429,177,23
2430,177,24
2431,177,26
2432,177,27
2433,177,28
2434,177,29
2435,177,30
2436,177,31
2437,177,32
2438,177,33
2439,177,34
2440,177,35
2441,178,3
2442,178,4
2443,178,6
2444,178,7
2445,178,8
2446,178,10
2447,178,13
2448,178,15
2449,178,16
2450,178,17
2451,178,20
2452,178,21
2453,178,23
2454,178,24
2455,178,26
2456,178,27
2457,178,28
2458,178,29
2459,178,30
2460,178,31
2461,178,34
2462,178,35
2463,179,7
2464,179,8
2465,179,9
2466,179,16
2467,179,17
2468,179,20
2469,179,21
2470,179,27
2471,179,30
2472,179,33
2473,180,1
2474,180,3
2475,180,4
2476,180,7
2477,180,8
2478,180,10
2479,180,14
2480,180,15
2481,180,16
2482,180,17
2483,180,19
2484,180,20
2485,180,23
2486,180,24
2487,180,26
2488,180,27
2489,180,28
2490,180,29
2491,180,34
2492,180,35
2493,181,1
2494,181,2
2495,181,3
2496,181,4
2497,181,9
2498,181,10
2499,181,16
2500,181,24
2501,181,26
2502,181,28
2503,181,34
2504,181,35
2505,182,1
2506,182,2
2507,182,3
2508,182,4
2509,182,5
2510,182,6
2511,182,7
2512,182,8
2513,182,9
2514,182,10
2515,182,11
2516,182,12
2517,182,13
2518,182,14
2519,182,15
2520,182,16
2521,182,17
2522,182,18
2523,182,19
2524,182,20
2525,182,21
2526,182,22
2527,182,23
2528,182,24
2529,182,25
2530,182,26
2531,182,27
2532,182,28
2533,182,29
2534,182,30
2535,182,31
2536,182,32
2537,182,33
2538,182,34
2539,182,35
2540,183,12
2541,183,13
2542,183,25
2543,184,2
2544,184,11
2545,184,24
2546,185,2
2547,185,8
2548,185,9
2549,185,17
2550,186,3
2551,186,4
2552,186,11
2553,186,18
2554,186,24
2555,186,29
2556,186,30
2557,186,32
2558,186,34
2559,187,11
2560,187,18
2561,187,20
2562,187,21
2563,188,1
2564,188,2
2565,188,3
2566,188,4
2567,188,5
2568,188,6
2569,188,7
2570,188,8
2571,188,10
2572,188,11
2573,188,15
2574,188,16
2575,188,20
2576,188,21
2577,188,22
2578,188,23
2579,188,27
2580,188,28
2581,188,29
2582,188,31
2583,188,33
2584,188,34
2585,188,35
2586,189,3
2587,189,4
2588,189,10
2589,189,15
2590,189,16
2591,189,20
2592,189,21
2593,189,23
2594,189,24
2595,189,26
2596,189,28
2597,189,34
2598,190,1
2599,190,2
2600,190,24
2601,191,2
2602,191,8
2603,191,9
2604,191,14
2605,191,17
2606,191,21
2607,191,23
2608,191,30
2609,192,12
2610,192,13
2611,192,25
2612,192,26
2613,192,30
2614,193,3
2615,193,16
2616,193,34
2617,194,3
2618,194,4
2619,194,16
2620,194,29
2621,194,34
2622,194,35
2623,195,5
2624,195,6
2625,195,7
2626,195,8
2627,195,9
2628,195,10
2629,195,14
2630,195,15
2631,195,16
2632,195,17
2633,195,19
2634,195,20
2635,195,21
2636,195,22
2637,195,23
2638,195,25
2639,195,27
2640,195,28
2641,195,29
2642,195,30
2643,195,31
2644,195,32
2645,195,33
2646,195,34
2647,195,35
2648,196,3
2649,196,4
2650,196,10
2651,196,12
2652,196,13
2653,196,18
2654,196,26
2655,196,29
2656,196,34
2657,197,1
2658,197,2
2659,197,3
2660,197,4
2661,197,5
2662,197,6
2663,197,7
2664,197,8
2665,197,9
2666,197,10
2667,197,11
2668,197,12
2669,197,13
2670,197,14
2671,197,15
2672,197,16
2673,197,17
2674,197,18
2675,197,19
2676,197,20
2677,197,21
2678,197,22
2679,197,23
2680,197,24
2681,197,25
2682,197,26
2683,197,27
2684,197,28
2685,197,29
2686,197,30
2687,197,31
2688,197,32
2689,197,33
2690,197,34
2691,197,35
2692,198,1
2693,198,2
2694,198,5
2695,198,6
2696,198,7
2697,198,8
2698,198,9
2699,198,10
2700,198,14
2701,198,15
2702,198,16
2703,198,17
2704,198,19
2705,198,20
2706,198,21
2707,198,23
2708,198,24
2709,198,27
2710,198,28
2711,198,29
2712,198,31
2713,198,32
2714,198,33
2715,199,2
2716,199,24
2717,200,1
2718,200,2
2719,200,3
2720,200,4
2721,200,5
2722,200,6
2723,200,7
2724,200,8
2725,200,9
2726,200,10
2727,200,11
2728,200,13
2729,200,14
2730,200,15
2731,200,16
2732,200,17
2733,200,18
2734,200,19
2735,200,20
2736,200,21
2737,200,22
2738,200,23
2739,200,24
2740,200,27
2741,200,28
2742,200,29
2743,200,30
2744,200,31
2745,200,32
2746,200,33
2747,200,34
2748,200,35
2749,201,17
2750,201,21
2751,202,11
2752,202,18
2753,203,1
2754,203,2
2755,203,3
2756,203,4
2757,203,5
2758,203,6
2759,203,7
2760,203,8
2761,203,9
2762,203,10
2763,203,11
2764,203,12
2765,203,13
2766,203,14
2767,203,15
2768,203,16
2769,203,17
2770,203,18
2771,203,19
2772,203,20
2773,203,21
2774,203,22
2775,203,23
2776,203,24
2777,203,25
2778,203,26
2779,203,27
2780,203,28
2781,203,29
2782,203,30
2783,203,31
2784,203,32
2785,203,33
2786,203,34
2787,203,35
2788,204,6
2789,204,10
2790,204,11
2791,204,13
2792,204,18
2793,204,20
2794,204,21
2795,204,30
2796,204,35
2797,205,11
2798,205,18
2799,206,1
2800,206,2
2801,206,3
2802,206,4
2803,206,5
2804,206,7
2805,206,8
2806,206,10
2807,206,16
2808,206,17
2809,206,20
2810,206,21
2811,206,23
2812,206,24
2813,206,27
2814,206,28
2815,206,29
2816,206,31
2817,206,34
2818,207,1
2819,207,2
2820,207,3
2821,207,4
2822,207,5
2823,207,6
2824,207,7
2825,207,8
2826,207,9
2827,207,10
2828,207,11
2829,207,12
2830,207,13
2831,207,14
2832,207,15
2833,207,16
2834,207,17
2835,207,18
2836,207,19
2837,207,20
2838,207,21
2839,207,22
2840,207,23
2841,207,24
2842,207,25
2843,207,26
2844,207,27
2845,207,28
2846,207,29
2847,207,30
2848,207,31
2849,207,32
2850,207,33
2851,207,34
2852,207,35
2853,208,11
2854,208,13
2855,208,18
2856,208,29
2857,209,3
2858,209,4
2859,209,16
2860,209,24
2861,209,34
2862,210,1
2863,210,2
2864,210,3
2865,210,4
2866,210,7
2867,210,9
2868,210,10
2869,210,15
2870,210,16
2871,210,17
2872,210,19
2873,210,20
2874,210,24
2875,210,26
2876,210,27
2877,210,28
2878,210,30
2879,210,34
2880,210,35
2881,211,3
2882,211,4
2883,211,9
2884,211,15
2885,211,20
2886,211,21
2887,211,24
2888,211,26
2889,211,29
2890,211,34
2891,211,35
2892,212,1
2893,212,2
2894,212,3
2895,212,4
2896,212,5
2897,212,6
2898,212,7
2899,212,8
2900,212,9
2901,212,10
2902,212,11
2903,212,12
2904,212,13
2905,212,14
2906,212,15
2907,212,16
2908,212,17
2909,212,18
2910,212,19
2911,212,20
2912,212,21
2913,212,22
2914,212,23
2915,212,24
2916,212,25
2917,212,26
2918,212,27
2919,212,28
2920,212,29
2921,212,30
2922,212,31
2923,212,32
2924,212,33
2925,212,34
2926,212,35
2927,213,6
2928,213,8
2929,213,9
2930,213,14
2931,213,17
2932,213,21
2933,213,33
2934,214,1
2935,214,2
2936,214,3
2937,214,4
2938,214,5
2939,214,6
2940,214,7
2941,214,8
2942,214,9
2943,214,10
2944,214,11
2945,214,12
2946,214,13
2947,214,14
2948,214,15
2949,214,16
2950,214,17
2951,214,18
2952,214,19
2953,214,20
2954,214,21
2955,214,22
2956,214,23
2957,214,24
2958,214,25
2959,214,26
2960,214,27
2961,214,28
2962,214,29
2963,214,30
2964,214,31
2965,214,32
2966,214,33
2967,214,34
2968,214,35
2969,215,1
2970,215,3
2971,215,4
2972,215,6
2973,215,7
2974,215,8
2975,215,9
2976,215,10
2977,215,16
2978,215,17
2979,215,19
2980,215,20
2981,215,21
2982,215,23
2983,215,27
2984,215,29
2985,215,31
2986,215,32
2987,215,33
2988,215,34
2989,215,35
2990,216,2
2991,216,5
2992,216,8
2993,216,17
2994,216,20
2995,216,22
2996,216,24
2997,216,27
2998,216,31
2999,216,32
3000,216,33
3001,217,2
3002,217,6
3003,217,8
3004,217,9
3005,217,10
3006,217,17
3007,217,21
3008,218,2
3009,218,11
3010,218,13
3011,218,18
3012,219,11
3013,219,13
3014,219,18
3015,220,12
3016,220,13
3017,220,25
3018,220,26
3019,220,30
